{"MSE": 0.019343689898164103, "MAE": 0.08847955075223883, "R-Squared": 0.9810555470084157}